{"stats":{"minecraft:mined":{"minecraft:grass_block":2,"minecraft:oak_log":4,"minecraft:dirt":4,"minecraft:stone":9,"minecraft:oak_leaves":1},"minecraft:used":{"minecraft:dirt":3,"minecraft:crafting_table":1,"minecraft:wooden_pickaxe":12},"minecraft:custom":{"minecraft:time_since_rest":11401,"minecraft:play_one_minute":11401,"minecraft:crouch_one_cm":1024,"minecraft:sprint_one_cm":2658,"minecraft:damage_taken":40,"minecraft:walk_one_cm":2651,"minecraft:sneak_time":448,"minecraft:jump":22,"minecraft:time_since_death":11401,"minecraft:interact_with_crafting_table":1,"minecraft:fall_one_cm":1346,"minecraft:fly_one_cm":4073},"minecraft:crafted":{"minecraft:oak_planks":16,"minecraft:crafting_table":1,"minecraft:stick":4,"minecraft:wooden_pickaxe":1},"minecraft:picked_up":{"minecraft:oak_log":4,"minecraft:dirt":6,"minecraft:cobblestone":9}},"DataVersion":2586}